"customer_id","gross_revenue","recency_days","qtde_products","frequency","qtde_returns","cluster"
17850,5391.21,372,297,17.0,40,Insiders
13047,3232.59,56,171,0.02830188679245283,35,Insiders
12583,6705.38,2,232,0.04032258064516129,50,Insiders
15291,4623.3,25,102,0.04011461318051576,29,Insiders
14688,5630.87,7,327,0.05722070844686648,399,Insiders
15311,60767.9,0,2379,0.24331550802139038,474,Insiders
16029,72882.09,38,241,0.18452380952380953,8004,Insiders
12431,6382.45,35,233,0.04424778761061947,50,Insiders
17511,91062.38,2,963,0.08333333333333333,1535,Insiders
13408,28117.04,1,478,0.16621983914209115,104,Insiders
13767,17220.36,2,368,0.09946236559139784,64,Insiders
13448,3539.37,16,195,0.01675977653631285,22,Insiders
15513,14758.220000000001,33,308,0.05571847507331378,164,Insiders
17920,4192.2,4,695,0.04594594594594595,0,Insiders
13694,65019.62,3,567,0.1347708894878706,1504,Insiders
14849,7930.54,21,388,0.0708215297450425,38,Insiders
17377,4100.92,23,418,0.05698005698005698,1,Insiders
12748,32305.32,0,4577,0.5508021390374331,1535,Insiders
12662,3543.78,0,220,0.029411764705882353,18,Insiders
12433,13375.87,0,420,0.01871657754010695,0,Insiders
14911,140438.72,1,5670,0.5335120643431636,3332,Insiders
17841,40959.72,1,7837,0.3324396782841823,203,Insiders
19001,4951.37,373,526,1.0,0,Insiders
12472,6068.11,32,332,0.020710059171597635,128,Insiders
17346,2676.56,3,500,0.04043126684636118,18,Insiders
13093,7832.47,275,159,0.08080808080808081,18,Insiders
12921,16587.09,9,720,0.10136986301369863,72,Insiders
13468,5704.97,1,302,0.09919571045576407,8,Insiders
16928,2839.65,80,208,0.05782312925170068,20,Insiders
13777,25977.16,0,197,0.08823529411764706,90,Insiders
17069,2709.7000000000003,28,143,0.02601156069364162,24,Insiders
14606,12021.65,1,2698,0.24396782841823056,245,Insiders
19014,6308.16,373,591,1.0,0,Insiders
13090,8895.82,8,154,0.03561643835616438,69,Insiders
15694,6464.4,0,77,0.03485254691689008,12,Insiders
13715,1079.34,281,105,0.05434782608695652,8,Insiders
15752,2637.38,39,411,0.020958083832335328,5,Insiders
17017,8694.26,2,252,0.05390835579514825,60,Insiders
12471,17424.05,2,439,0.0743801652892562,246,Insiders
15601,6776.56,11,410,0.03867403314917127,5,Insiders
13418,6127.43,11,304,0.049723756906077346,79,Insiders
14766,2473.37,8,135,0.016713091922005572,26,Insiders
14388,3212.84,10,186,0.02203856749311295,8,Insiders
18041,4183.39,11,472,0.058011049723756904,9,Insiders
15955,4416.26,24,183,0.04011461318051576,11,Insiders
14390,4652.82,10,286,0.024793388429752067,11,Insiders
14060,6140.42,4,202,0.051490514905149054,12,Insiders
15738,4812.42,18,173,0.04507042253521127,15,Insiders
15827,1836.0900000000001,73,115,0.04666666666666667,39,Insiders
14180,4748.52,10,240,0.06887052341597796,9,Insiders
17802,1285.04,82,140,0.010309278350515464,9,Insiders
16186,4006.94,22,218,0.03418803418803419,12,Insiders
17581,11045.04,0,440,0.06702412868632708,66,Insiders
17567,4331.48,7,165,0.02185792349726776,204,Insiders
15061,54534.14,3,403,0.12972972972972974,282,Insiders
15640,12515.66,4,484,0.04065040650406504,35,Insiders
16770,770.1,57,145,0.015822784810126583,12,Insiders
17838,2779.3,26,121,0.01440922190201729,458,Insiders
14031,17286.86,7,250,0.05191256830601093,417,Insiders
12971,11189.91,3,305,0.23243243243243245,85,Insiders
15834,2231.25,70,272,0.019230769230769232,4,Insiders
17659,2999.46,17,158,0.033707865168539325,39,Insiders
14156,117375.63,9,1399,0.15151515151515152,859,Insiders
18168,1169.94,176,131,0.030456852791878174,9,Insiders
17757,5601.34,1,740,0.08064516129032258,4,Insiders
13798,37153.85,1,349,0.1532258064516129,434,Insiders
14395,3507.71,2,350,0.02425876010781671,4,Insiders
15093,4597.02,18,108,0.016901408450704224,27,Insiders
16150,2053.02,42,117,0.015105740181268883,43,Insiders
14573,1653.42,179,235,0.04639175257731959,6,Insiders
18225,5509.12,3,271,0.03305785123966942,38,Insiders
12841,4022.35,4,420,0.06793478260869565,74,Insiders
19027,6369.5599999999995,371,592,1.0,0,Insiders
14680,28754.11,25,258,0.04610951008645533,1002,Insiders
13013,4810.9400000000005,1,219,0.03504043126684636,7,Insiders
16013,37130.6,3,139,0.12737127371273713,1594,Insiders
17949,58030.48,1,69,0.11859838274932614,2878,Insiders
12779,3981.36,37,149,0.023880597014925373,28,Insiders
12682,11028.22,3,496,0.08401084010840108,0,Insiders
14723,1156.6,10,277,0.016574585635359115,0,Insiders
17954,2332.72,5,485,0.0326975476839237,5,Insiders
12712,3928.13,28,120,0.0377906976744186,17,Insiders
15373,2415.91,8,132,0.03296703296703297,24,Insiders
17238,3744.65,2,566,0.04594594594594595,0,Insiders
15769,56252.72,7,130,0.07123287671232877,2012,Insiders
14898,1303.52,23,116,0.017191977077363897,12,Insiders
13081,28333.38,11,1023,0.030470914127423823,138,Insiders
17243,8668.45,1,399,0.07046070460704607,8,Insiders
15708,3364.2400000000002,40,288,0.021212121212121213,9,Insiders
13089,58825.83,2,1818,0.26358695652173914,283,Insiders
16033,8816.4,5,1137,0.0547945205479452,23,Insiders
15351,1960.1100000000001,12,225,0.019553072625698324,21,Insiders
18055,6784.1900000000005,7,360,0.027548209366391185,5,Insiders
15038,705.49,58,130,0.019230769230769232,30,Insiders
18109,8052.97,1,444,0.07046070460704607,18,Insiders
13069,4436.12,0,425,0.06486486486486487,419,Insiders
16241,2607.87,9,662,0.036011080332409975,0,Insiders
14800,4339.74,47,385,0.03715170278637771,21,Insiders
16839,16594.35,8,266,0.09392265193370165,504,Insiders
16931,4604.22,5,898,0.057534246575342465,0,Insiders
16814,6499.2,14,323,0.05898876404494382,1,Insiders
13269,5346.2300000000005,1,316,0.04065040650406504,5,Insiders
12567,8609.28,22,438,0.028735632183908046,216,Insiders
18118,5651.42,10,1278,0.07222222222222222,5,Insiders
16983,1931.25,12,148,0.019553072625698324,13,Insiders
17059,3095.04,29,516,0.01466275659824047,0,Insiders
16327,3813.62,14,318,0.016853932584269662,0,Insiders
17211,2317.2200000000003,26,211,0.023255813953488372,13,Insiders
15570,4165.52,7,323,0.03305785123966942,9,Insiders
15880,343.28000000000003,369,105,1.0,24,Insiders
16393,3046.21,2,330,0.035326086956521736,47,Insiders
14527,8507.82,2,971,0.14945652173913043,4,Insiders
15023,6783.86,3,560,0.02997275204359673,8,Insiders
15426,1447.39,19,292,0.014245014245014245,11,Insiders
12647,3146.82,22,109,0.034482758620689655,12,Insiders
15867,3806.1,5,459,0.0410958904109589,2,Insiders
14506,2012.17,17,316,0.014164305949008499,0,Insiders
15555,4802.18,12,897,0.0446927374301676,28,Insiders
12720,5115.7300000000005,2,342,0.06793478260869565,17,Insiders
16422,34684.4,17,369,0.14447592067988668,120,Insiders
15502,6923.98,15,209,0.028169014084507043,407,Insiders
17965,2622.57,37,329,0.042042042042042045,0,Insiders
14404,1474.32,33,103,0.017804154302670624,8,Insiders
13174,2813.03,16,313,0.00847457627118644,0,Insiders
17677,16363.23,1,304,0.08152173913043478,50,Insiders
17428,17256.85,0,328,0.07588075880758807,39,Insiders
16161,5575.56,1,474,0.051630434782608696,58,Insiders
19069,6471.71,368,596,1.0,0,Insiders
19070,6719.61,368,567,1.0,0,Insiders
12708,2442.91,29,147,0.029411764705882353,37,Insiders
15039,19914.44,9,1502,0.13055555555555556,18,Insiders
14189,4654.08,2,265,0.04087193460490463,18,Insiders
12474,6741.79,17,407,0.05750798722044728,83,Insiders
15301,5070.35,50,243,0.03761755485893417,7,Insiders
16898,508.81,26,162,0.008746355685131196,33,Insiders
17596,2827.93,23,270,0.02023121387283237,0,Insiders
15078,9743.11,7,440,0.08839779005524862,36,Insiders
14085,4448.54,2,450,0.04904632152588556,1,Insiders
16919,2596.45,156,327,0.051643192488262914,0,Insiders
16722,4730.81,17,225,0.036931818181818184,12,Insiders
14667,9236.95,10,572,0.06963788300835655,3,Insiders
16710,2483.04,19,402,0.02857142857142857,0,Insiders
16550,2298.97,108,251,0.019157088122605363,14,Insiders
15984,2837.67,2,270,0.027247956403269755,10,Insiders
17068,4545.89,12,295,0.058823529411764705,10,Insiders
15356,2766.5,31,519,0.029585798816568046,0,Insiders
15194,7616.53,3,310,0.040983606557377046,55,Insiders
13481,1804.56,45,109,0.02358490566037736,15,Insiders
17218,1960.72,4,274,0.0273972602739726,0,Insiders
16782,2279.9,10,190,0.03651685393258427,9,Insiders
19084,7272.41,368,674,1.0,0,Insiders
15021,1914.82,8,472,0.025069637883008356,18,Insiders
17450,194550.79,8,337,0.12777777777777777,952,Insiders
12681,12365.54,14,616,0.062146892655367235,15,Insiders
17735,13110.02,2,690,0.05191256830601093,0,Insiders
14733,9585.91,16,202,0.03409090909090909,39,Insiders
13756,5189.52,2,142,0.03825136612021858,24,Insiders
13319,10845.550000000001,5,476,0.07202216066481995,38,Insiders
13488,8968.31,17,422,0.037037037037037035,6,Insiders
17675,20374.28,1,705,0.08446866485013624,82,Insiders
13769,2796.51,2,135,0.0273224043715847,11,Insiders
16904,3750.4700000000003,4,709,0.04395604395604396,0,Insiders
19109,5457.72,367,600,1.0,0,Insiders
12839,5591.42,2,314,0.03825136612021858,2,Insiders
18102,259657.3,0,431,0.16304347826086957,0,Insiders
19121,4356.09,367,535,1.0,0,Insiders
17870,1894.35,2,279,0.03287671232876712,1,Insiders
13078,12627.94,3,358,0.07142857142857142,73,Insiders
13267,4521.49,2,211,0.052054794520547946,30,Insiders
13050,5833.11,14,402,0.04815864022662889,41,Insiders
12709,9430.52,15,203,0.04261363636363636,103,Insiders
15628,2870.2400000000002,4,155,0.024793388429752067,12,Insiders
14796,8020.93,1,1140,0.04644808743169399,83,Insiders
16779,10629.720000000001,2,333,0.06027397260273973,89,Insiders
13599,5153.67,1,247,0.05737704918032787,124,Insiders
15750,2465.48,2,293,0.021917808219178082,7,Insiders
13983,2603.43,29,107,0.03550295857988166,13,Insiders
14032,2975.59,2,143,0.030136986301369864,24,Insiders
17706,10504.49,4,382,0.046831955922865015,66,Insiders
16525,13027.45,2,183,0.07123287671232877,904,Insiders
14952,8099.49,59,138,0.03594771241830065,60,Insiders
17975,4485.51,15,295,0.036931818181818184,16,Insiders
13126,2099.64,4,140,0.02203856749311295,13,Insiders
16558,8338.49,0,460,0.05449591280653951,31,Insiders
16713,6923.13,18,624,0.04297994269340974,12,Insiders
15529,3992.68,22,671,0.03188405797101449,7,Insiders
15498,13316.4,2,512,0.07397260273972603,15,Insiders
17722,2424.04,96,115,0.014760147601476014,23,Insiders
14051,15610.390000000001,0,210,0.06267029972752043,15,Insiders
17213,2781.23,40,157,0.021406727828746176,9,Insiders
13113,12245.960000000001,0,200,0.0653950953678474,449,Insiders
14217,2004.98,1,100,0.04644808743169399,12,Insiders
14299,3965.62,8,143,0.025139664804469275,136,Insiders
12766,6457.63,3,306,0.019230769230769232,0,Insiders
15298,4799.9,2,192,0.03287671232876712,364,Insiders
13523,3964.88,33,172,0.014970059880239521,7,Insiders
19125,5344.29,366,590,1.0,0,Insiders
15005,6314.87,15,1118,0.07954545454545454,43,Insiders
13115,2294.78,11,120,0.022988505747126436,33,Insiders
17340,12353.29,29,407,0.03254437869822485,64,Insiders
16700,5076.55,8,308,0.036211699164345405,5,Insiders
16717,3858.38,23,199,0.01744186046511628,298,Insiders
14243,2588.77,8,141,0.027932960893854747,17,Insiders
15358,8347.2,4,551,0.06077348066298342,123,Insiders
12481,5020.32,22,209,0.029069767441860465,14,Insiders
12621,12411.67,1,449,0.0547945205479452,36,Insiders
12683,7612.57,4,331,0.03867403314917127,84,Insiders
13854,8109.5199999999995,8,110,0.06983240223463687,18,Insiders
12797,226.03,365,12,1.0,39,Insiders
15856,16386.31,4,644,0.07458563535911603,64,Insiders
13102,6424.09,1,304,0.06575342465753424,44,Insiders
15271,2507.07,7,274,0.04178272980501393,5,Insiders
17978,300.91999999999996,365,12,1.0,0,Insiders
19154,6382.71,365,650,1.0,0,Insiders
13021,2616.38,4,131,0.02535211267605634,16,Insiders
16255,2619.91,16,270,0.022857142857142857,7,Insiders
15811,2218.62,22,133,0.01744186046511628,10,Insiders
13327,3627.77,38,108,0.024390243902439025,12,Insiders
13136,2607.61,56,127,0.03184713375796178,16,Insiders
17576,3622.68,8,411,0.05307262569832402,40,Insiders
14713,2666.36,9,339,0.03081232492997199,2,Insiders
14702,3292.14,1,347,0.04657534246575343,10,Insiders
13230,2806.97,4,611,0.03867403314917127,121,Insiders
13969,9053.94,7,626,0.05013927576601671,59,Insiders
17530,2380.41,1,392,0.0273972602739726,0,Insiders
15805,5528.4800000000005,23,301,0.049707602339181284,50,Insiders
19188,5424.59,364,533,1.0,0,Insiders
17696,2285.71,38,115,0.024464831804281346,26,Insiders
16265,5447.0,9,258,0.025280898876404494,19,Insiders
12731,18751.91,23,273,0.03508771929824561,70,Insiders
18116,1414.43,67,377,0.026845637583892617,0,Insiders
16019,3786.2400000000002,46,160,0.02821316614420063,84,Insiders
13148,3707.12,29,319,0.03571428571428571,147,Insiders
15514,4139.46,12,178,0.031161473087818695,369,Insiders
17865,10524.220000000001,30,369,0.05970149253731343,59,Insiders
17220,3198.25,24,472,0.04105571847507331,0,Insiders
19195,5694.84,364,619,1.0,0,Insiders
16873,7123.62,4,279,0.01662049861495845,15,Insiders
16923,7247.61,12,672,0.05413105413105413,234,Insiders
14159,4690.64,19,1203,0.03197674418604651,13,Insiders
12753,21429.39,22,197,0.017595307917888565,171,Insiders
13668,6363.59,2,470,0.05817174515235457,105,Insiders
14684,1236.28,25,421,0.014792899408284023,0,Insiders
15547,4954.84,7,702,0.03932584269662921,0,Insiders
15998,3089.97,36,506,0.01529051987767584,4,Insiders
15044,7700.2300000000005,19,453,0.04941860465116279,9,Insiders
14505,5905.64,17,799,0.023121387283236993,16,Insiders
19201,4703.12,361,489,1.0,0,Insiders
12540,11580.24,19,461,0.04956268221574344,8,Insiders
13209,5891.61,30,321,0.024096385542168676,21,Insiders
19202,4325.3,361,473,1.0,0,Insiders
13999,3901.81,10,208,0.03409090909090909,12,Insiders
16701,5398.3,8,144,0.03672316384180791,182,Insiders
17338,6635.14,17,751,0.02318840579710145,4,Insiders
17231,3174.32,12,541,0.02857142857142857,6,Insiders
17799,3055.93,22,408,0.029411764705882353,3,Insiders
14565,3099.12,95,127,0.0149812734082397,8,Insiders
17611,3984.22,7,576,0.04225352112676056,8,Insiders
12476,5898.42,15,224,0.03170028818443804,71,Insiders
15159,18641.010000000002,1,710,0.08310249307479224,47,Insiders
14525,4332.2,19,291,0.026239067055393587,22,Insiders
18075,2611.75,23,142,0.029585798816568046,27,Insiders
16570,3738.4,15,126,0.03367003367003367,62,Insiders
14961,7044.68,10,312,0.02564102564102564,16,Insiders
14057,6217.96,23,284,0.05029585798816568,168,Insiders
13178,5725.47,26,265,0.03283582089552239,0,Insiders
16191,5180.52,2,134,0.036211699164345405,147,Insiders
14298,51523.3,8,1636,0.12464589235127478,322,Insiders
14415,5900.28,1,590,0.03611111111111111,38,Insiders
17404,31781.82,4,195,0.036414565826330535,424,Insiders
13097,6010.42,32,423,0.030395136778115502,21,Insiders
12867,4036.82,26,538,0.020895522388059702,23,Insiders
16145,3799.4900000000002,8,224,0.03125,51,Insiders
17629,1814.12,5,123,0.022535211267605635,8,Insiders
17449,2517.86,2,276,0.019553072625698324,7,Insiders
13458,9646.57,7,382,0.039660056657223795,48,Insiders
14426,4481.67,23,224,0.034482758620689655,360,Insiders
13426,3641.32,0,157,0.027777777777777776,20,Insiders
15727,5178.96,16,302,0.020348837209302327,0,Insiders
15290,7943.22,4,204,0.05056179775280899,70,Insiders
15615,10399.74,10,423,0.06571428571428571,15,Insiders
13266,3834.2599999999998,11,187,0.04878048780487805,129,Insiders
16607,3343.71,17,171,0.04093567251461988,37,Insiders
13317,2273.68,66,124,0.020477815699658702,32,Insiders
17001,3989.57,0,169,0.03064066852367688,0,Insiders
15482,11014.96,15,97,0.03197674418604651,2022,Insiders
16670,4095.9,16,252,0.03206997084548105,32,Insiders
16705,14034.99,0,270,0.055710306406685235,18,Insiders
15563,1361.44,22,111,0.008902077151335312,11,Insiders
16746,6697.66,4,449,0.05070422535211268,3,Insiders
16743,2238.09,29,191,0.021212121212121213,37,Insiders
15379,3703.29,169,194,0.03684210526315789,12,Insiders
14309,2352.53,8,117,0.02564102564102564,14,Insiders
15157,1936.07,3,125,0.008426966292134831,149,Insiders
16316,2938.91,64,151,0.02711864406779661,18,Insiders
15620,1553.18,56,100,0.009900990099009901,16,Insiders
13534,5870.08,2,296,0.0700280112044818,85,Insiders
14735,6050.69,3,193,0.08707865168539326,104,Insiders
18223,6484.54,4,272,0.03943661971830986,57,Insiders
15532,1571.03,25,255,0.011976047904191617,13,Insiders
16684,66653.56,4,277,0.07887323943661972,864,Insiders
18260,2643.2000000000003,172,134,0.03208556149732621,9,Insiders
13004,5655.91,11,404,0.05187319884726225,26,Insiders
12931,42055.96,21,82,0.04451038575667656,4427,Insiders
14769,10673.1,2,1089,0.02247191011235955,30,Insiders
12417,3226.1,3,183,0.02535211267605634,13,Insiders
17315,6252.18,1,470,0.10084033613445378,32,Insiders
19239,4189.61,357,461,1.0,0,Insiders
19240,3824.95,357,435,1.0,0,Insiders
19241,5142.94,357,517,1.0,0,Insiders
13869,3104.95,123,307,0.01702127659574468,0,Insiders
14146,4191.0,8,210,0.014285714285714285,551,Insiders
12705,6382.29,15,328,0.023323615160349854,24,Insiders
19244,3875.0099999999998,357,441,1.0,0,Insiders
19245,4418.54,357,457,1.0,0,Insiders
12668,3177.15,11,157,0.011594202898550725,39,Insiders
14472,1936.84,103,281,0.03162055335968379,0,Insiders
16686,3062.83,47,585,0.022653721682847898,5,Insiders
18245,2567.06,7,175,0.02005730659025788,7,Insiders
14646,279138.02,1,2060,0.2033898305084746,288,Insiders
19253,2133.0,354,282,1.0,0,Insiders
19262,1744.12,354,266,1.0,0,Insiders
15034,4308.61,15,394,0.02359882005899705,11,Insiders
12423,1634.31,0,117,0.022598870056497175,12,Insiders
12678,16481.46,42,157,0.03205128205128205,24,Insiders
14533,1949.72,24,62,0.02127659574468085,1242,Insiders
14944,5900.25,29,170,0.04477611940298507,14,Insiders
19309,4634.59,351,511,1.0,0,Insiders
16875,2095.53,67,112,0.018315018315018316,25,Insiders
12957,4017.54,9,238,0.02416918429003021,18,Insiders
14462,1999.02,66,239,0.040145985401459854,30,Insiders
19330,3430.92,339,409,1.0,0,Insiders
13680,3722.42,1,195,0.011799410029498525,669,Insiders
17389,31833.68,0,213,0.10240963855421686,170,Insiders
12578,2402.51,21,112,0.0064516129032258064,25,Insiders
19337,1661.53,338,286,1.0,0,Insiders
15046,5194.82,9,205,0.045454545454545456,144,Insiders
18226,5228.05,44,242,0.03741496598639456,7,Insiders
12415,124564.53,24,713,0.06369426751592357,427,Insiders
17368,1912.67,23,111,0.025396825396825397,711,Insiders
15719,5043.96,32,936,0.042483660130718956,1,Insiders
17634,2361.9700000000003,36,297,0.029801324503311258,0,Insiders
18283,2088.93,3,754,0.04776119402985075,0,Insiders
19348,1787.76,337,334,1.0,0,Insiders
15845,3711.77,17,138,0.024922118380062305,8,Insiders
19353,2318.77,336,351,1.0,0,Insiders
12501,2025.39,336,148,1.0,61,Insiders
18198,5425.56,4,159,0.05105105105105105,235,Insiders
19354,2032.56,336,333,1.0,0,Insiders
12484,3953.72,35,342,0.013245033112582781,6,Insiders
17284,1652.58,60,292,0.021660649819494584,2,Insiders
13593,2037.0800000000002,108,128,0.021834061135371178,24,Insiders
17114,808.62,5,127,0.024242424242424242,9,Insiders
16326,3110.96,5,319,0.04242424242424243,20,Insiders
16735,2300.56,78,125,0.019455252918287938,19,Insiders
16549,4154.64,10,981,0.03076923076923077,0,Insiders
13451,2976.15,26,443,0.016181229773462782,6,Insiders
12539,5568.35,22,273,0.01282051282051282,0,Insiders
19360,4174.64,333,501,1.0,0,Insiders
17811,7831.03,4,850,0.11818181818181818,49,Insiders
16303,5360.63,25,162,0.009708737864077669,38,Insiders
19368,2050.16,333,349,1.0,0,Insiders
15281,2332.15,58,139,0.03260869565217391,18,Insiders
19378,1564.47,333,288,1.0,0,Insiders
17365,4796.52,12,467,0.024922118380062305,0,Insiders
15189,16225.39,1,212,0.12349397590361445,114,Insiders
15518,1942.45,64,214,0.02973977695167286,10,Insiders
15749,44534.3,235,10,0.030612244897959183,9014,Insiders
19388,2800.95,332,405,1.0,0,Insiders
16791,1709.03,29,319,0.023026315789473683,4,Insiders
19393,3316.84,331,459,1.0,0,Insiders
12359,6372.58,57,248,0.014545454545454545,10,Insiders
14587,1601.14,18,383,0.028662420382165606,2,Insiders
14040,3614.92,40,235,0.0410958904109589,29,Insiders
19396,3238.0699999999997,331,417,1.0,0,Insiders
17364,4481.18,0,411,0.03313253012048193,21,Insiders
19400,2296.43,330,345,1.0,0,Insiders
13993,3466.36,42,121,0.031141868512110725,8,Insiders
13246,1987.3,18,141,0.019169329073482427,50,Insiders
19402,2427.18,330,359,1.0,0,Insiders
12553,3278.28,8,182,0.031055900621118012,41,Insiders
14175,3222.3,59,149,0.01107011070110701,54,Insiders
15033,2583.37,4,509,0.03067484662576687,3,Insiders
14329,5014.84,17,259,0.022364217252396165,20,Insiders
19411,2742.96,329,383,1.0,0,Insiders
16401,4098.32,1,186,0.03669724770642202,23,Insiders
13048,1835.91,14,136,0.012738853503184714,8,Insiders
18069,2036.67,26,470,0.016556291390728478,3,Insiders
16843,10184.57,42,375,0.055944055944055944,5,Insiders
12626,5954.48,23,285,0.029605263157894735,103,Insiders
13527,2287.51,33,223,0.023809523809523808,19,Insiders
15296,3672.86,50,194,0.021660649819494584,9,Insiders
13001,9818.82,4,339,0.04024767801857585,8,Insiders
17730,5298.4800000000005,3,218,0.040123456790123455,9,Insiders
14292,4871.93,7,100,0.03260869565217391,20,Insiders
13883,2674.48,10,142,0.020491803278688523,67,Insiders
19414,3657.3199999999997,326,454,1.0,0,Insiders
19415,2259.93,326,377,1.0,0,Insiders
19416,3002.4,326,401,1.0,0,Insiders
19417,2528.0299999999997,326,354,1.0,0,Insiders
12346,77183.6,325,1,1.0,74215,Insiders
13898,155.93,325,12,1.0,0,Insiders
19425,2175.0499999999997,325,339,1.0,0,Insiders
13263,7443.85,1,1673,0.1076923076923077,0,Insiders
14428,1244.83,7,144,0.01567398119122257,8,Insiders
19429,1582.83,325,281,1.0,0,Insiders
12451,8995.52,10,353,0.015873015873015872,120,Insiders
19432,3412.31,324,414,1.0,0,Insiders
17602,5102.97,2,560,0.018575851393188854,16,Insiders
14572,2828.84,3,269,0.021739130434782608,3,Insiders
12637,5823.9,67,387,0.0311284046692607,9,Insiders
16912,2575.38,28,101,0.037162162162162164,14,Insiders
19443,2989.0299999999997,323,402,1.0,0,Insiders
19444,2311.29,323,370,1.0,0,Insiders
14895,11138.710000000001,7,498,0.07042253521126761,28,Insiders
17504,2997.0299999999997,206,127,0.07692307692307693,208,Insiders
14088,50491.81,10,589,0.04153354632587859,72,Insiders
19451,2984.4,322,428,1.0,0,Insiders
17644,2895.64,1,157,0.04230769230769231,52,Insiders
12916,3006.15,138,107,0.02185792349726776,8,Insiders
17769,3997.98,12,310,0.032362459546925564,5,Insiders
13659,1573.2,205,104,0.017241379310344827,15,Insiders
15443,3236.91,1,382,0.021875,3,Insiders
13742,3131.02,16,321,0.03934426229508197,8,Insiders
12727,3440.7,10,132,0.022508038585209004,12,Insiders
17861,2100.8,3,222,0.025236593059936908,20,Insiders
14534,4441.4,2,517,0.056782334384858045,122,Insiders
16133,14589.04,3,338,0.10443037974683544,150,Insiders
14049,5681.72,16,488,0.013245033112582781,24,Insiders
13098,28882.44,1,572,0.08832807570977919,57,Insiders
16918,1068.82,49,128,0.022304832713754646,13,Insiders
15910,1232.18,0,267,0.025236593059936908,0,Insiders
14701,2549.37,10,335,0.029315960912052116,23,Insiders
14239,2380.85,43,112,0.040145985401459854,7,Insiders
15549,1689.51,77,114,0.0125,10,Insiders
13552,3740.07,66,109,0.048,31,Insiders
16523,9418.470000000001,1,290,0.06666666666666667,32,Insiders
14659,2529.93,8,253,0.02922077922077922,12,Insiders
15365,2314.32,25,114,0.024054982817869417,325,Insiders
13709,6328.05,3,336,0.04153354632587859,15,Insiders
14502,2467.63,19,623,0.03728813559322034,15,Insiders
17314,2527.92,24,131,0.02768166089965398,12,Insiders
15144,6580.44,8,217,0.05573770491803279,24,Insiders
14776,2538.3,51,117,0.04198473282442748,446,Insiders
15058,2124.9900000000002,25,276,0.03819444444444445,0,Insiders
13881,17159.52,3,178,0.06472491909385113,56,Insiders
12477,13219.74,22,300,0.02142857142857143,33,Insiders
16745,7194.3,86,357,0.0752212389380531,8,Insiders
16110,1337.48,45,354,0.011235955056179775,0,Insiders
16156,3122.04,8,130,0.0297029702970297,37,Insiders
17337,2026.42,151,542,0.025,29,Insiders
17071,2429.03,28,140,0.031914893617021274,15,Insiders
13394,2520.02,1,155,0.025889967637540454,176,Insiders
17672,3178.17,50,110,0.007692307692307693,18,Insiders
13871,6403.25,22,336,0.04529616724738676,5,Insiders
16938,2736.38,8,241,0.013289036544850499,1515,Insiders
13137,3650.41,10,704,0.026755852842809364,0,Insiders
13725,1980.56,49,104,0.03076923076923077,147,Insiders
14194,11349.52,4,579,0.06885245901639345,57,Insiders
14842,2824.69,43,145,0.015037593984962405,20,Insiders
14410,1104.07,92,192,0.04205607476635514,268,Insiders
17613,4559.150000000001,22,312,0.04929577464788732,26,Insiders
13334,3536.82,82,268,0.013392857142857142,0,Insiders
13809,155.05,305,12,1.0,0,Insiders
16332,1593.2,28,153,0.025179856115107913,8,Insiders
14562,5074.77,3,423,0.059602649006622516,161,Insiders
17686,5739.46,7,286,0.02364864864864865,0,Insiders
17050,3228.84,96,316,0.029411764705882353,0,Insiders
17571,1497.26,50,298,0.01606425702811245,0,Insiders
17612,2044.45,53,134,0.024489795918367346,19,Insiders
15670,173.05,296,12,1.0,0,Insiders
17422,1979.37,16,117,0.021352313167259787,58,Insiders
18257,2337.63,39,118,0.031007751937984496,30,Insiders
12362,4737.23,3,256,0.034129692832764506,17,Insiders
13018,7277.7,16,458,0.1,1,Insiders
15382,5955.71,14,302,0.02127659574468085,9,Insiders
14211,2241.1,53,112,0.037037037037037035,10,Insiders
15755,2364.25,10,141,0.021052631578947368,30,Insiders
18172,7561.68,14,189,0.07246376811594203,14,Insiders
16115,1667.97,9,284,0.028169014084507043,0,Insiders
15065,3158.13,37,155,0.01568627450980392,28,Insiders
13184,1700.29,14,180,0.036101083032490974,30,Insiders
16940,3049.88,52,305,0.012605042016806723,0,Insiders
15932,2495.87,4,115,0.027972027972027972,14,Insiders
18231,2083.27,192,124,0.05154639175257732,13,Insiders
17139,10668.47,15,478,0.043795620437956206,19,Insiders
16592,4113.68,4,216,0.056338028169014086,13,Insiders
16841,1869.82,36,116,0.023809523809523808,16,Insiders
13971,2758.26,18,149,0.029850746268656716,26,Insiders
16057,2263.12,16,121,0.026022304832713755,30,Insiders
12598,2807.08,9,127,0.025362318840579712,24,Insiders
14227,3350.96,26,175,0.03861003861003861,9,Insiders
15874,4405.88,63,120,0.03153153153153153,28,Insiders
16187,6911.4400000000005,31,295,0.05905511811023622,44,Insiders
14056,8214.65,1,1106,0.08098591549295775,39,Insiders
12428,6405.26,25,287,0.03088803088803089,32,Insiders
15676,3435.76,18,202,0.011278195488721804,21,Insiders
16678,3109.99,2,163,0.042704626334519574,27,Insiders
15622,3709.56,43,185,0.0375,122,Insiders
16792,110.38000000000001,282,12,2.0,0,Insiders
17426,5037.26,8,271,0.02181818181818182,12,Insiders
17416,6893.42,29,269,0.02766798418972332,36,Insiders
17652,4867.72,25,259,0.04669260700389105,30,Insiders
13014,3466.2799999999997,10,109,0.03676470588235294,21,Insiders
15220,1778.96,51,117,0.02608695652173913,16,Insiders
14903,2810.63,21,355,0.01937984496124031,45,Insiders
17107,10815.43,33,418,0.024390243902439025,300,Insiders
16242,3603.21,8,294,0.025925925925925925,1,Insiders
15764,3279.97,88,180,0.031746031746031744,14,Insiders
13908,2369.55,79,122,0.020202020202020204,8,Insiders
13975,2526.28,31,338,0.024390243902439025,7,Insiders
14730,2005.06,1,501,0.028985507246376812,0,Insiders
14367,9261.52,8,524,0.05947955390334572,28,Insiders
16712,3637.78,9,446,0.041044776119402986,0,Insiders
16426,1908.25,2,372,0.03636363636363636,0,Insiders
17049,5659.9800000000005,2,318,0.032846715328467155,7,Insiders
14112,2915.15,22,160,0.027559055118110236,43,Insiders
14936,8137.02,33,364,0.03292181069958848,2,Insiders
15632,3285.31,15,167,0.03076923076923077,60,Insiders
14854,2759.83,78,127,0.03553299492385787,10,Insiders
12520,2346.2599999999998,79,147,0.02564102564102564,9,Insiders
16652,6773.97,58,118,0.032407407407407406,16,Insiders
15125,11528.48,25,127,0.06097560975609756,202,Insiders
12901,17654.54,8,116,0.10646387832699619,1776,Insiders
15493,2001.8,32,297,0.02092050209205021,5,Insiders
15106,1422.52,17,100,0.019762845849802372,37,Insiders
15150,5314.47,17,343,0.039525691699604744,25,Insiders
12597,3195.22,19,202,0.016,49,Insiders
12955,4757.16,1,180,0.04119850187265917,22,Insiders
17716,5655.99,22,245,0.044715447154471545,68,Insiders
13268,3192.65,17,439,0.0398406374501992,23,Insiders
14422,4263.64,0,222,0.022388059701492536,0,Insiders
19887,2143.16,267,297,1.0,0,Insiders
17725,3439.08,16,192,0.04365079365079365,21,Insiders
15861,3165.36,12,546,0.03125,1,Insiders
16626,4413.1,0,179,0.06367041198501873,20,Insiders
14315,2481.13,44,101,0.026905829596412557,11,Insiders
14071,1424.0,3,322,0.030534351145038167,95,Insiders
16728,1054.67,46,269,0.0182648401826484,0,Insiders
16096,320.62,264,12,1.0,0,Insiders
13985,7060.13,4,349,0.05747126436781609,8,Insiders
12843,1702.26,65,103,0.04,28,Insiders
14711,2868.8,10,357,0.043478260869565216,12,Insiders
12613,3092.38,57,149,0.019417475728155338,48,Insiders
14607,15021.5,15,78,0.048582995951417005,3768,Insiders
17754,1772.26,0,92,0.019157088122605363,49,Insiders
12408,2618.55,32,101,0.021834061135371178,9,Insiders
13139,5064.94,16,170,0.028688524590163935,7,Insiders
17625,2047.0,18,315,0.016666666666666666,0,Insiders
15249,6688.46,31,350,0.05752212389380531,20,Insiders
17719,5396.04,37,274,0.0684931506849315,11,Insiders
13588,2478.95,15,174,0.03734439834024896,32,Insiders
12456,2581.04,44,122,0.014218009478672985,17,Insiders
15521,3000.2,40,185,0.037209302325581395,161,Insiders
15674,2111.89,73,113,0.02197802197802198,199,Insiders
13988,4147.96,19,234,0.025423728813559324,19,Insiders
13571,2092.32,12,341,0.049586776859504134,0,Insiders
14957,58.49,253,12,1.0,0,Insiders
16609,5493.46,15,276,0.029411764705882353,10,Insiders
16180,10254.18,100,162,0.05228758169934641,14,Insiders
12949,4167.22,30,215,0.03587443946188341,18,Insiders
17758,3456.7000000000003,19,412,0.034482758620689655,0,Insiders
14546,2578.09,5,399,0.020491803278688523,30,Insiders
14535,2860.19,60,329,0.015873015873015872,6,Insiders
17492,374.57,248,12,1.0,0,Insiders
15917,123.1,247,12,1.0,0,Insiders
17906,72.9,247,12,1.0,0,Insiders
14446,1034.78,0,292,0.016194331983805668,0,Insiders
13508,110.97,243,12,1.0,0,Insiders
14286,4628.75,23,280,0.013636363636363636,32,Insiders
12656,3619.17,17,121,0.02304147465437788,15,Insiders
15251,10484.99,9,111,0.04721030042918455,87,Insiders
16729,7236.6,38,659,0.10294117647058823,12,Insiders
15491,3100.09,95,154,0.0425531914893617,22,Insiders
20342,2235.84,235,331,1.0,0,Insiders
20344,1734.5,235,300,1.0,0,Insiders
13735,2885.2400000000002,24,196,0.018957345971563982,47,Insiders
15436,1122.53,12,329,0.013452914798206279,0,Insiders
14626,2791.27,23,122,0.018957345971563982,16,Insiders
13505,3633.63,72,211,0.024844720496894408,25,Insiders
17061,5232.2300000000005,73,99,0.06875,42,Insiders
17109,885.04,29,117,0.029411764705882353,16,Insiders
16942,1920.59,12,281,0.041666666666666664,4,Insiders
14640,2125.08,24,106,0.029411764705882353,57,Insiders
15128,1471.0,60,102,0.025,16,Insiders
13365,2225.37,33,128,0.010810810810810811,9,Insiders
20562,2257.08,217,283,1.0,0,Insiders
16007,1701.94,47,385,0.023668639053254437,0,Insiders
12700,4525.99,7,264,0.019138755980861243,0,Insiders
16440,3640.67,7,282,0.02403846153846154,0,Insiders
13320,1548.7,78,106,0.029411764705882353,30,Insiders
12749,4090.88,3,199,0.023696682464454975,49,Insiders
14277,4180.2,15,224,0.015151515151515152,360,Insiders
12757,4199.2,15,365,0.04568527918781726,12,Insiders
12770,1351.45,210,12,1.0,0,Insiders
16076,2234.73,3,129,0.04854368932038835,72,Insiders
16283,1569.11,5,165,0.024509803921568627,14,Insiders
14583,1052.55,5,330,0.024875621890547265,0,Insiders
16813,1692.98,8,449,0.050761421319796954,0,Insiders
13658,2639.17,9,108,0.025510204081632654,10,Insiders
15804,4206.39,0,262,0.06532663316582915,52,Insiders
15925,207.15,194,12,1.0,0,Insiders
12473,2596.23,53,161,0.02158273381294964,71,Insiders
12517,2322.84,28,281,0.024539877300613498,23,Insiders
15453,1388.37,1,286,0.0374331550802139,0,Insiders
15152,4745.69,9,271,0.07262569832402235,10,Insiders
20846,108.50999999999999,184,12,1.0,0,Insiders
12406,3415.3,22,105,0.012345679012345678,9,Insiders
12409,11072.67,78,109,0.02857142857142857,8,Insiders
14178,1600.93,8,325,0.04,0,Insiders
14704,1544.57,11,414,0.052941176470588235,0,Insiders
16794,1220.69,1,284,0.05555555555555555,4,Insiders
13517,2128.42,59,141,0.024793388429752067,9,Insiders
13384,4151.93,30,152,0.04697986577181208,7,Insiders
20920,3153.37,178,294,1.0,0,Insiders
17651,3941.0,11,231,0.059880239520958084,12,Insiders
17490,2092.32,0,76,0.03954802259887006,112,Insiders
12837,134.1,173,12,1.0,0,Insiders
14808,2741.17,39,235,0.05970149253731343,92,Insiders
17877,237.61,170,12,1.0,0,Insiders
17110,163.29999999999998,165,12,1.0,0,Insiders
17997,1970.6699999999998,74,166,0.08791208791208792,198,Insiders
14327,311.65,163,12,1.0,0,Insiders
21081,7847.429999999999,163,704,1.0,0,Insiders
21088,24.08,162,12,1.0,0,Insiders
21089,2697.68,162,387,1.0,0,Insiders
17939,99.14,159,12,1.0,0,Insiders
15007,156.91,159,12,1.0,0,Insiders
21107,2196.66,158,309,1.0,0,Insiders
21108,4774.59,158,331,1.0,0,Insiders
21123,2172.85,158,308,1.0,0,Insiders
21135,3602.4,157,463,1.0,0,Insiders
21136,3341.25,157,486,1.0,0,Insiders
21140,1559.52,156,319,1.0,0,Insiders
21146,1886.62,155,297,1.0,0,Insiders
21147,2042.67,155,343,1.0,0,Insiders
21175,2062.86,154,314,1.0,0,Insiders
21189,2146.02,151,358,1.0,0,Insiders
18122,1824.99,8,362,0.04195804195804196,0,Insiders
21198,3029.7599999999998,150,433,1.0,0,Insiders
21199,1670.03,150,296,1.0,0,Insiders
21204,2080.66,149,341,1.0,0,Insiders
21230,2552.02,147,378,1.0,0,Insiders
16474,1871.3400000000001,7,359,0.050359712230215826,25,Insiders
21269,2630.54,144,443,1.0,0,Insiders
12560,1918.01,5,103,0.014388489208633094,32,Insiders
16764,2799.25,3,706,0.09219858156028368,12,Insiders
14456,3055.44,5,967,0.06521739130434782,6,Insiders
21289,2837.0299999999997,142,449,1.0,0,Insiders
21290,2078.06,142,333,1.0,0,Insiders
21309,3458.29,140,437,1.0,0,Insiders
21327,2202.93,137,297,1.0,0,Insiders
14305,1858.96,71,105,0.046153846153846156,20,Insiders
16984,4481.35,88,407,0.046511627906976744,15,Insiders
12610,1747.54,22,102,0.0380952380952381,21,Insiders
14079,375.1,124,12,1.0,0,Insiders
21479,2530.91,121,288,1.0,0,Insiders
21484,12172.09,120,352,1.0,0,Insiders
13159,1437.85,8,121,0.037037037037037035,14,Insiders
15786,4932.2,46,267,0.043478260869565216,33,Insiders
12518,1840.89,0,119,0.04504504504504504,0,Insiders
16201,1863.47,3,111,0.037383177570093455,19,Insiders
14523,241.09,108,12,1.0,0,Insiders
15263,156.51,106,12,1.0,0,Insiders
13644,2624.26,16,146,0.044444444444444446,7,Insiders
17451,1721.4,1,100,0.06666666666666667,25,Insiders
16641,231.10000000000002,105,12,1.0,0,Insiders
21560,1839.86,101,265,1.0,0,Insiders
14096,53258.43,4,5095,0.17346938775510204,0,Insiders
15307,205.3,95,12,1.0,0,Insiders
17309,82.75,95,12,1.0,0,Insiders
16910,1510.06,4,547,0.09090909090909091,0,Insiders
14432,2255.51,9,382,0.07407407407407407,0,Insiders
16360,3512.53,4,662,0.07058823529411765,16,Insiders
17434,2373.82,2,134,0.08333333333333333,8,Insiders
13325,675.3,81,12,1.0,0,Insiders
21777,1950.77,79,284,1.0,0,Insiders
15484,3594.31,1,188,0.05128205128205128,16,Insiders
16240,3718.8,24,135,0.037037037037037035,7,Insiders
16049,1111.79,40,312,0.08333333333333333,0,Insiders
21844,1750.28,73,272,1.0,0,Insiders
13924,1838.8500000000001,1,117,0.08333333333333333,43,Insiders
17528,3628.5,1,253,0.11267605633802817,8,Insiders
17813,1770.8799999999999,14,371,0.08620689655172414,13,Insiders
16533,1095.56,19,177,0.06,98,Insiders
21868,278.15,67,12,1.0,0,Insiders
21899,1762.82,66,291,1.0,0,Insiders
12856,2179.93,7,314,0.10526315789473684,3,Insiders
17509,6115.14,57,366,1.1428571428571428,4,Insiders
21953,2094.87,63,318,1.0,0,Insiders
13755,2161.35,3,342,0.14754098360655737,23,Insiders
15886,181.09,60,12,1.0,0,Insiders
12607,1579.51,60,101,1.0,1228,Insiders
12536,4279.71,59,259,1.0,129,Insiders
21994,2127.69,59,292,1.0,0,Insiders
12602,153.12,58,12,1.0,0,Insiders
22009,1891.12,58,282,1.0,0,Insiders
12454,3528.34,56,15,1.0,1006,Insiders
14547,4007.54,3,366,0.15384615384615385,10,Insiders
15113,3608.94,9,99,0.06521739130434782,24,Insiders
22049,1949.32,53,331,1.0,0,Insiders
15678,352.7,52,12,1.0,0,Insiders
22064,1705.5,52,287,1.0,0,Insiders
15427,1483.14,33,306,0.2,0,Insiders
15277,255.89999999999998,46,12,1.0,0,Insiders
22122,2109.5,46,286,1.0,0,Insiders
22123,2026.72,46,279,1.0,0,Insiders
15993,2788.87,8,551,0.1891891891891892,9,Insiders
16847,193.44,43,12,1.0,0,Insiders
14218,169.48000000000002,42,12,1.0,0,Insiders
15385,316.88,40,12,1.0,0,Insiders
22221,14855.529999999999,39,1113,1.0,0,Insiders
13697,151.29999999999998,38,12,1.0,0,Insiders
22268,3267.25,37,403,1.0,0,Insiders
22269,3136.72,37,415,1.0,0,Insiders
22281,2593.37,36,415,1.0,0,Insiders
22292,2647.85,35,346,1.0,0,Insiders
22313,2944.93,31,420,1.0,0,Insiders
22323,3935.1,31,517,1.0,0,Insiders
22324,3111.37,31,410,1.0,0,Insiders
22327,4104.8,30,514,1.0,0,Insiders
22351,3843.4,28,481,1.0,0,Insiders
12985,1239.38,0,76,0.06896551724137931,120,Insiders
22355,4116.75,28,502,1.0,0,Insiders
15692,191.04,28,12,1.0,0,Insiders
22365,4071.98,28,525,1.0,0,Insiders
22381,4143.19,25,517,1.0,0,Insiders
22412,4449.72,24,592,1.0,0,Insiders
22413,4287.73,24,551,1.0,0,Insiders
22436,5370.14,23,584,1.0,0,Insiders
22438,4674.63,23,542,1.0,0,Insiders
22441,4522.75,22,571,1.0,0,Insiders
22476,5378.45,21,560,1.0,0,Insiders
22483,3921.06,18,525,1.0,0,Insiders
15877,493.28,1,129,0.11764705882352941,125,Insiders
22511,3925.73,17,493,1.0,0,Insiders
22513,3409.7999999999997,17,485,1.0,0,Insiders
22517,5848.71,16,281,1.0,0,Insiders
22527,5422.26,15,621,1.0,0,Insiders
22528,4882.25,15,605,1.0,0,Insiders
22558,4443.63,14,519,1.0,0,Insiders
22566,4142.94,14,526,1.0,0,Insiders
12660,227.1,11,12,1.0,0,Insiders
22571,4698.98,11,540,1.0,0,Insiders
13521,1092.39,1,435,0.3,0,Insiders
22584,5072.32,10,577,1.0,0,Insiders
22585,4168.8,10,502,1.0,0,Insiders
22611,5880.64,9,686,1.0,0,Insiders
14804,353.27,8,12,1.0,0,Insiders
22619,6179.65,8,643,1.0,0,Insiders
22629,5933.15,7,649,1.0,0,Insiders
22630,59.21,7,12,1.0,0,Insiders
22655,5377.8099999999995,4,270,1.0,0,Insiders
22663,7848.73,4,720,1.0,0,Insiders
22664,6024.97,4,661,1.0,0,Insiders
22671,5377.65,3,628,1.0,0,Insiders
22695,6083.95,1,675,1.0,0,Insiders
22696,7150.07,1,748,1.0,0,Insiders
22706,5699.0,1,634,1.0,0,Insiders
22707,6756.0599999999995,0,730,1.0,0,Insiders
22709,3950.72,0,217,1.0,0,Insiders
